{"AIPump:sensor.__fault_test_missing_boiler": 1775271023.9988647, "AIOverheat:sensor.__fault_test_missing_boiler": 1775271038.6710405, "AIHeatingMain:sensor.__fault_test_missing_boiler": 1775271068.657215}